company_name,high,low,last_price,prev_close,change,percent_gain
Hitachi Energy,"12,060.00","11,200.00","12,017.75","10,231.25","1,786.50",17.46
Netweb,"1,768.40","1,670.00","1,762.20","1,607.65",154.55,9.61
Jupiter Wagons,396.80,368.60,396.05,363.00,33.05,9.1
Archean Chem,593.50,563.25,592.60,547.65,44.95,8.21
HBL Eng,594.00,566.00,580.00,544.70,35.30,6.48
Solar Ind,"10,299.00","9,782.70","10,165.00","9,568.55",596.45,6.23
KPIT Tech,"1,479.00","1,410.65","1,452.05","1,370.05",82.00,5.99
Olectra Greente,"1,407.00","1,352.45","1,402.45","1,325.25",77.20,5.83
JBM Auto,"1,498.80","1,410.00","1,479.00","1,399.40",79.60,5.69
Laurus Labs,580.00,557.40,571.80,543.80,28.00,5.15
Suzlon Energy,55.40,55.40,55.40,52.77,2.63,4.98
Brigade Ent,"1,182.00","1,117.55","1,146.90","1,093.05",53.85,4.93
GE Vernova T&D,"1,722.30","1,643.50","1,722.30","1,641.35",80.95,4.93
Jubilant Ing.,717.15,685.30,716.45,685.30,31.15,4.55
TITAGARH,989.90,955.35,988.85,947.00,41.85,4.42
Ircon Internati,203.60,195.10,202.55,194.18,8.37,4.31
Ircon Internati,203.60,195.10,202.55,194.18,8.37,4.31
Granules India,558.00,539.90,557.40,534.80,22.60,4.23
JSW Energy,496.00,474.75,493.75,474.75,19.00,4
Railtel,388.60,373.85,387.80,373.25,14.55,3.9
Bajaj Finance,"8,250.65","7,850.00","8,060.95","7,759.65",301.30,3.88
KFin Tech,"1,139.00","1,097.00","1,129.05","1,087.05",42.00,3.86
Mahanagar Gas,"1,336.95","1,261.25","1,315.80","1,267.20",48.60,3.84
Ujjivan Small,35.30,33.75,35.25,33.97,1.28,3.77
Rashtriya Chem,162.45,157.00,162.04,156.24,5.80,3.71
Triveni Turbine,672.85,635.65,645.40,622.30,23.10,3.71
Garden Reach Sh,"1,594.80","1,536.95","1,593.15","1,537.30",55.85,3.63
IIFL Finance,361.10,347.05,360.45,347.90,12.55,3.61
Shyam Metalics,768.90,739.35,765.35,739.25,26.10,3.53
Godrej Prop,"2,316.75","2,230.50","2,314.55","2,237.55",77.00,3.44
NLC India,217.80,209.66,217.31,210.08,7.23,3.44
Rainbow Child,"1,454.00","1,393.05","1,449.05","1,401.45",47.60,3.4
Syrma SGS,554.75,510.85,522.10,505.10,17.00,3.37
Exide Ind,364.90,356.30,364.75,353.10,11.65,3.3
Rail Vikas,443.40,429.25,441.75,427.65,14.10,3.3
Fortis Health,651.15,627.00,649.25,628.55,20.70,3.29
Tejas Networks,915.00,882.75,914.60,886.10,28.50,3.22
Kirloskar Oil,891.05,865.20,891.05,863.65,27.40,3.17
Macrotech Dev,"1,172.75","1,133.00","1,171.20","1,135.50",35.70,3.14
G R Infra,"1,310.00","1,280.55","1,300.75","1,261.65",39.10,3.1
Bharat Dynamics,"1,271.00","1,229.05","1,266.30","1,229.45",36.85,3
Bharat Dynamics,"1,271.00","1,229.05","1,266.30","1,229.45",36.85,3
Inox Wind,168.39,158.65,166.34,161.50,4.84,3
Alembic Pharma,939.45,909.35,935.95,908.75,27.20,2.99
UPL,569.55,554.60,569.35,553.10,16.25,2.94
Power Finance,411.50,401.60,410.75,399.10,11.65,2.92
NCC,244.20,231.00,243.75,236.90,6.85,2.89
Fine Organics,"4,533.25","4,378.00","4,510.75","4,387.45",123.30,2.81
Godrej Ind,908.20,865.00,900.70,876.10,24.60,2.81
Newgen Software,"1,129.20","1,064.50","1,111.90","1,081.75",30.15,2.79
DLF,767.35,745.40,766.05,745.40,20.65,2.77
Vedant Fashions,"1,143.10","1,116.80","1,140.30","1,110.05",30.25,2.73
PTC Industries,"14,200.05","13,820.45","14,174.00","13,806.95",367.05,2.66
Schaeffler Ind,"3,264.50","3,155.55","3,259.80","3,176.70",83.10,2.62
Inox India,944.60,918.80,942.85,918.80,24.05,2.62
Fert and Chem,931.00,906.50,927.50,904.10,23.40,2.59
Hind Copper,234.59,228.60,234.33,228.42,5.91,2.59
Poly Medicure,"2,332.95","2,214.00","2,327.85","2,269.50",58.35,2.57
Cochin Shipyard,"1,478.80","1,431.10","1,471.95","1,435.25",36.70,2.56
Cochin Shipyard,"1,478.80","1,431.10","1,471.95","1,435.25",36.70,2.56
IRCTC,782.15,763.05,781.80,762.40,19.40,2.54
Grindwell Norto,"1,895.00","1,841.10","1,894.55","1,847.85",46.70,2.53
Apar Ind,"7,485.00","7,091.00","7,464.70","7,282.00",182.70,2.51
Sona BLW,517.40,503.00,514.75,502.25,12.50,2.49
Elgi Equipments,542.00,525.15,537.70,524.80,12.90,2.46
DOMS Industries,"2,408.00","2,350.00","2,404.45","2,347.10",57.35,2.44
PNC Infratech,317.00,301.05,312.70,305.25,7.45,2.44
CHEMPLAST SANMA,476.70,464.05,476.65,465.45,11.20,2.41
Ajanta Pharma,"2,707.05","2,627.10","2,690.90","2,627.95",62.95,2.4
Berger Paints,471.00,460.05,469.70,458.80,10.90,2.38
SUMITOMO,514.80,503.50,514.75,502.80,11.95,2.38
JK Bank,97.29,94.40,97.09,94.84,2.25,2.37
Oberoi Realty,"1,771.80","1,724.05","1,758.70","1,718.40",40.30,2.35
Bajaj Finserv,"1,856.00","1,810.60","1,832.30","1,790.40",41.90,2.34
Bajaj Finserv,"1,856.00","1,810.60","1,832.30","1,790.40",41.90,2.34
Phoenix Mills,"1,627.95","1,553.95","1,593.45","1,556.95",36.50,2.34
Himadri Special,494.95,483.30,494.05,482.80,11.25,2.33
IFCI,55.60,54.25,55.40,54.14,1.26,2.33
SJVN,93.60,91.63,93.53,91.40,2.13,2.33
Power Grid Corp,294.45,287.85,294.45,287.85,6.60,2.29
KNR Construct,299.00,292.95,296.65,290.05,6.60,2.28
Clean Science,"1,365.90","1,335.50","1,362.30","1,332.00",30.30,2.27
Motilal Oswal,687.05,655.65,685.80,670.60,15.20,2.27
Oil India,417.20,402.15,416.80,407.55,9.25,2.27
Adani Total Gas,637.95,623.30,637.95,623.85,14.10,2.26
Hindalco,598.20,586.10,597.15,584.10,13.05,2.23
HINDPETRO,352.95,346.00,352.95,345.25,7.70,2.23
TVS Supply,144.49,141.10,143.77,140.66,3.11,2.21
Vijaya Diagnost,999.90,976.50,998.50,976.95,21.55,2.21
Prestige Estate,"1,351.10","1,312.20","1,347.10","1,318.40",28.70,2.18
V-Guard Ind,368.80,356.65,365.10,357.30,7.80,2.18
Bajaj Holdings,"11,867.50","11,405.30","11,674.80","11,426.85",247.95,2.17
BEML,"3,581.30","3,501.50","3,570.70","3,494.85",75.85,2.17
Minda Corp,559.30,535.10,556.90,545.20,11.70,2.15
Amara Raja,"1,053.10","1,034.05","1,050.55","1,028.60",21.95,2.13
Finolex Ind,209.15,204.85,209.15,204.80,4.35,2.12
Zensar Tech,874.95,840.10,868.55,850.50,18.05,2.12
Radico Khaitan,"2,243.25","2,154.35","2,200.00","2,154.30",45.70,2.12
IRFC,145.40,141.85,144.72,141.73,2.99,2.11
Sobha,"1,326.60","1,277.15","1,321.65","1,294.45",27.20,2.1
Indian Renew,196.90,192.45,196.15,192.14,4.01,2.09
Hindustan Aeron,"3,782.00","3,707.05","3,777.10","3,700.50",76.60,2.07
Hindustan Aeron,"3,782.00","3,707.05","3,777.10","3,700.50",76.60,2.07
Indian Bank,560.70,546.30,556.00,544.75,11.25,2.07
JB Chemicals,"1,758.75","1,707.00","1,755.30","1,719.90",35.40,2.06
JB Chemicals,"1,758.75","1,707.00","1,755.30","1,719.90",35.40,2.06
RITES,258.60,252.20,257.40,252.20,5.20,2.06
Kalyan Jeweller,460.15,449.00,457.90,448.70,9.20,2.05
Dixon Technolog,"14,849.95","14,359.50","14,830.00","14,536.15",293.85,2.02
Abbott India,"26,088.85","25,554.65","26,018.25","25,501.85",516.40,2.02
APTUS VALUE,294.90,288.70,294.35,288.60,5.75,1.99
Coromandel Int,"1,837.55","1,790.00","1,828.50","1,792.80",35.70,1.99
Bikaji Foods,684.00,660.10,681.50,668.30,13.20,1.98
IDFC First Bank,61.18,59.46,60.99,59.82,1.17,1.96
GE Shipping,949.40,928.40,949.40,931.25,18.15,1.95
Linde India,"6,420.00","6,245.00","6,407.15","6,286.00",121.15,1.93
Chambal Fert,501.40,491.00,500.30,490.85,9.45,1.93
Jubilant Pharmo,959.50,916.00,951.85,933.90,17.95,1.92
Aurobindo Pharm,"1,183.90","1,159.60","1,178.15","1,156.15",22.00,1.9
General Insuran,414.55,404.40,412.65,404.95,7.70,1.9
Kirloskar Bros,"1,836.75","1,781.40","1,830.00","1,796.00",34.00,1.89
MMTC Ltd,68.60,67.28,68.49,67.22,1.27,1.89
NBCC (India),93.68,91.59,93.41,91.68,1.73,1.89
Supreme Ind,"3,894.55","3,790.20","3,891.55","3,819.60",71.95,1.88
IRB Infra,53.29,52.36,53.24,52.27,0.97,1.86
IRB Infra,53.29,52.36,53.24,52.27,0.97,1.86
Godrej Agrovet,727.55,715.00,726.20,713.05,13.15,1.84
Zydus Life,952.00,930.50,949.25,932.15,17.10,1.83
GSFC,205.50,202.00,204.88,201.20,3.68,1.83
Jaiprakash Pow,15.66,15.39,15.66,15.38,0.28,1.82
MRPL,129.23,127.05,128.45,126.15,2.30,1.82
Info Edge,"7,580.00","7,445.15","7,579.65","7,445.15",134.50,1.81
BASF,"4,839.60","4,701.00","4,839.60","4,754.25",85.35,1.8
GAIL,168.50,165.35,168.19,165.22,2.97,1.8
Trident,31.00,29.97,30.76,30.22,0.54,1.79
Engineers India,166.21,163.51,166.00,163.08,2.92,1.79
Gujarat Fluoro,"3,603.00","3,531.05","3,600.00","3,536.90",63.10,1.78
Campus Active,270.40,264.60,270.40,265.70,4.70,1.77
360 ONE WAM,"1,054.00","1,031.15","1,046.55","1,028.35",18.20,1.77
360 ONE WAM,"1,054.00","1,031.15","1,046.55","1,028.35",18.20,1.77
Mahindra Life,412.00,402.80,411.10,404.00,7.10,1.76
Natco Pharma,"1,194.75","1,164.10","1,191.60","1,171.00",20.60,1.76
Navin Fluorine,"3,835.05","3,758.10","3,805.60","3,740.20",65.40,1.75
Jindal Stainles,652.70,603.60,648.80,637.70,11.10,1.74
Vinati Organics,"1,655.00","1,622.45","1,650.60","1,622.45",28.15,1.74
Valor Estate,162.00,159.60,161.35,158.60,2.75,1.73
ONGC,255.80,250.94,255.74,251.40,4.34,1.73
IDBI Bank,79.40,78.08,79.12,77.80,1.32,1.7
CESC,141.00,138.00,141.00,138.65,2.35,1.69
Aarti Ind,435.40,428.40,435.10,427.90,7.20,1.68
Piramal Enter,987.00,957.05,985.80,969.70,16.10,1.66
Route,"1,238.00","1,200.35","1,222.05","1,202.25",19.80,1.65
Tube Investment,"3,271.15","3,191.00","3,252.10","3,199.45",52.65,1.65
Hind Zinc,446.10,438.80,445.50,438.30,7.20,1.64
Aegis Logistics,696.30,684.90,691.20,680.30,10.90,1.6
CDSL,"1,313.00","1,286.25","1,312.05","1,291.45",20.60,1.6
Pfizer,"4,560.95","4,494.60","4,558.50","4,486.60",71.90,1.6
Aditya Birla Re,"1,997.30","1,952.10","1,994.15","1,962.90",31.25,1.59
Ipca Labs,"1,479.30","1,454.00","1,466.30","1,443.30",23.00,1.59
Aster DM Health,485.00,476.20,484.75,477.25,7.50,1.57
Eris Life,"1,194.00","1,175.90","1,193.95","1,175.50",18.45,1.57
Anand Rathi,"3,585.75","3,530.85","3,569.95","3,515.05",54.90,1.56
Gillette India,"8,862.95","8,611.00","8,834.20","8,698.20",136.00,1.56
Network 18,52.22,51.01,52.20,51.40,0.80,1.56
Suven Pharma,"1,031.95","1,000.10","1,031.15","1,015.35",15.80,1.56
Dr Reddys Labs,"1,204.20","1,184.00","1,199.50","1,181.20",18.30,1.55
Dr Reddys Labs,"1,204.20","1,184.00","1,199.50","1,181.20",18.30,1.55
SignatureGlobal,"1,192.95","1,163.80","1,191.00","1,173.00",18.00,1.53
Bharat Elec,271.60,267.90,271.25,267.20,4.05,1.52
EIH,371.95,365.00,371.40,365.85,5.55,1.52
Global Health,"1,059.60","1,040.65","1,055.65","1,039.80",15.85,1.52
Bayer CropScien,"5,092.15","5,008.30","5,083.20","5,008.30",74.90,1.5
Emcure Pharmace,"1,224.80","1,211.30","1,224.50","1,206.55",17.95,1.49
Shipping Corp,194.44,190.91,193.90,191.08,2.82,1.48
3M India,"29,899.95","29,306.10","29,836.50","29,407.60",428.90,1.46
Data Patterns,"2,142.45","2,105.00","2,132.75","2,102.05",30.70,1.46
IOC,125.53,123.86,125.44,123.64,1.80,1.46
Redington,210.40,204.58,209.28,206.26,3.02,1.46
Chennai Petro,536.75,525.95,533.25,525.65,7.60,1.45
Zee Entertain,108.65,106.32,107.70,106.16,1.54,1.45
Cipla,"1,451.30","1,426.00","1,444.50","1,423.95",20.55,1.44
Just Dial,886.10,871.60,884.15,871.60,12.55,1.44
M&M Financial,277.50,268.60,273.90,270.00,3.90,1.44
Anant Raj,622.00,578.30,596.35,587.95,8.40,1.43
Siemens,"5,922.25","5,792.75","5,907.65","5,824.55",83.10,1.43
Atul,"6,386.50","6,280.00","6,351.85","6,263.20",88.65,1.42
Rattanindia Ent,54.48,53.11,54.27,53.51,0.76,1.42
Jindal Saw,257.00,244.60,250.30,246.80,3.50,1.42
Jindal Saw,257.00,244.60,250.30,246.80,3.50,1.42
Shree Cements,"27,167.65","26,670.00","27,024.10","26,651.35",372.75,1.4
JSW Steel,951.25,936.20,950.60,937.60,13.00,1.39
HUDCO,218.35,212.80,218.07,215.10,2.97,1.38
REC,442.45,430.15,440.85,434.85,6.00,1.38
NHPC,75.70,74.23,75.60,74.58,1.02,1.37
Welspun Corp,753.95,740.05,753.15,742.95,10.20,1.37
Container Corp,753.35,741.00,753.00,742.90,10.10,1.36
GNFC,556.10,547.05,556.00,548.55,7.45,1.36
Dr Lal PathLab,"2,807.60","2,759.00","2,796.20","2,759.00",37.20,1.35
Ashok Leyland,209.56,205.38,208.80,206.04,2.76,1.34
Biocon,362.15,353.65,360.45,355.70,4.75,1.34
Caplin Labs,"2,035.80","1,995.05","2,028.45","2,001.75",26.70,1.33
Jyoti CNC Auto,"1,090.05","1,056.25","1,087.60","1,073.35",14.25,1.33
Tata Inv Corp,"6,021.85","5,945.00","6,007.00","5,928.30",78.70,1.33
Bajaj Auto,"8,789.60","8,602.50","8,738.20","8,625.85",112.35,1.3
BLS Internation,429.75,419.50,427.90,422.40,5.50,1.3
Raymond,"1,566.45","1,501.85","1,524.50","1,504.90",19.60,1.3
IGL,396.10,388.45,395.40,390.45,4.95,1.27
BPCL,260.50,257.75,260.25,257.00,3.25,1.26
Tata Comm,"1,576.10","1,556.80","1,574.65","1,555.10",19.55,1.26
Coal India,385.35,380.40,384.15,379.45,4.70,1.24
Mazagon Dock,"2,397.35","2,331.00","2,384.35","2,355.05",29.30,1.24
Mazagon Dock,"2,397.35","2,331.00","2,384.35","2,355.05",29.30,1.24
PI Industries,"3,477.90","3,435.00","3,467.50","3,425.20",42.30,1.23
SAIL,105.66,104.10,105.64,104.36,1.28,1.23
TVS Motor,"2,503.60","2,439.25","2,494.95","2,464.75",30.20,1.23
ZFCVINDIA,"10,943.60","10,688.00","10,899.85","10,768.30",131.55,1.22
JK Tyre & Ind,319.75,312.15,319.10,315.30,3.80,1.21
Eicher Motors,"5,250.00","5,162.20","5,244.65","5,182.90",61.75,1.19
Gujarat Gas,475.60,468.25,475.25,469.70,5.55,1.18
Tanla Platforms,557.15,548.00,555.45,549.00,6.45,1.17
Finolex Cables,995.95,984.15,995.65,984.35,11.30,1.15
KPIL,"1,061.90","1,041.80","1,060.00","1,047.95",12.05,1.15
Angel One,"2,325.00","2,280.40","2,322.80","2,296.55",26.25,1.14
Castrol,177.49,175.81,177.49,175.49,2.00,1.14
UNO Minda,908.20,899.05,905.25,895.10,10.15,1.13
TATA Cons. Prod,975.00,959.45,971.35,960.50,10.85,1.13
Capri Global,182.95,178.31,182.15,180.13,2.02,1.12
Capri Global,182.95,178.31,182.15,180.13,2.02,1.12
United Brewerie,"2,099.90","2,064.65","2,096.35","2,073.20",23.15,1.12
NTPC,326.80,322.00,324.80,321.25,3.55,1.11
PB Fintech,"1,735.25","1,704.50","1,729.95","1,710.95",19.00,1.11
Alkem Lab,"5,069.40","4,999.05","5,059.50","5,004.30",55.20,1.1
EID Parry,833.00,809.00,829.00,820.00,9.00,1.1
Jio Financial,242.25,238.50,240.90,238.30,2.60,1.09
Adani Energy,752.90,743.35,752.75,744.70,8.05,1.08
Go Digit,302.95,298.20,302.20,299.00,3.20,1.07
SRF,"2,733.30","2,636.05","2,693.00","2,664.85",28.15,1.06
Jindal Steel,858.60,847.35,857.90,849.00,8.90,1.05
Adani Ports,"1,108.80","1,093.50","1,108.50","1,096.95",11.55,1.05
Motherson SWI,54.79,53.78,54.74,54.17,0.57,1.05
Tata Power,354.90,349.10,354.65,350.95,3.70,1.05
Bharti Hexacom,"1,363.90","1,335.00","1,356.05","1,342.15",13.90,1.04
Kajaria Ceramic,"1,014.80",990.90,"1,011.05","1,000.65",10.40,1.04
Honeywell Autom,"40,688.25","40,070.00","40,458.75","40,040.60",418.15,1.04
Action Const,"1,321.40","1,293.75","1,319.85","1,306.35",13.50,1.03
Interglobe Avi,"4,353.90","4,275.00","4,337.80","4,293.90",43.90,1.02
New India Assur,176.10,173.25,175.70,173.93,1.77,1.02
Devyani Int,169.36,167.35,169.36,167.66,1.70,1.01
Indiamart Inter,"2,108.00","2,073.55","2,097.75","2,076.70",21.05,1.01
Mah Seamless,639.75,621.00,627.20,620.90,6.30,1.01
TataTeleservice,71.65,70.80,71.55,70.84,0.71,1
Vedanta,435.25,430.60,434.85,430.60,4.25,0.99
Sun Pharma Adv,161.09,159.31,160.66,159.10,1.56,0.98
Birla Corp,"1,152.00","1,136.60","1,151.00","1,139.90",11.10,0.97
Glenmark,"1,468.85","1,447.95","1,467.70","1,453.60",14.10,0.97
Latent View,434.50,429.90,434.10,429.95,4.15,0.97
Adani Green Ene,998.00,984.40,997.00,987.65,9.35,0.95
Cera Sanitary,"6,675.30","6,515.00","6,670.00","6,607.35",62.65,0.95
Kaynes Tech,"5,067.70","4,790.15","5,001.55","4,955.45",46.10,0.93
NALCO,196.10,193.60,195.59,193.79,1.80,0.93
Divis Labs,"5,681.95","5,601.80","5,671.70","5,620.15",51.55,0.92
Max Healthcare,"1,040.10","1,018.10","1,034.35","1,025.00",9.35,0.91
Schneider Infra,666.90,656.00,665.50,659.65,5.85,0.89
Adani Enterpris,"2,339.00","2,315.00","2,338.90","2,318.60",20.30,0.88
Alok Industries,18.59,18.37,18.59,18.43,0.16,0.87
Elecon Eng,525.95,515.20,522.25,517.75,4.50,0.87
Elecon Eng,525.95,515.20,522.25,517.75,4.50,0.87
PCBL Chemical,368.00,363.50,366.65,363.50,3.15,0.87
Asahi India,642.80,631.10,641.95,636.50,5.45,0.86
Metro Brands,"1,220.00","1,203.40","1,212.55","1,202.25",10.30,0.86
Poonawalla Fin,319.30,314.90,317.60,314.90,2.70,0.86
Tata Chemicals,971.70,958.95,971.10,962.80,8.30,0.86
Hero Motocorp,"4,107.00","4,060.05","4,107.00","4,072.45",34.55,0.85
IndusInd Bank,964.30,946.10,956.35,948.30,8.05,0.85
Larsen,"3,482.00","3,439.10","3,479.10","3,449.70",29.40,0.85
CIEINDIA,457.90,450.70,456.90,453.05,3.85,0.85
Nuvoco Vistas,351.00,345.40,350.30,347.35,2.95,0.85
Astral Ltd,"1,487.60","1,474.85","1,487.20","1,474.85",12.35,0.84
Home First,984.15,964.45,978.05,969.90,8.15,0.84
Happiest Minds ,705.00,696.10,702.45,696.60,5.85,0.84
Lupin,"2,093.95","2,063.00","2,085.45","2,068.15",17.30,0.84
RHI Magnesita,475.25,468.70,473.90,469.95,3.95,0.84
Bata India,"1,277.45","1,262.85","1,273.80","1,263.50",10.30,0.82
RamkrishnaForge,783.30,764.75,781.25,774.95,6.30,0.81
Ceat,"2,960.95","2,909.15","2,955.15","2,931.75",23.40,0.8
Deepak Nitrite,"2,304.40","2,273.00","2,295.00","2,276.85",18.15,0.8
Varroc Engineer,562.70,557.65,561.95,557.50,4.45,0.8
Honasa Consumer,224.80,220.05,223.70,221.95,1.75,0.79
Quess Corp,621.90,593.30,596.45,591.75,4.70,0.79
Bank of Baroda,224.75,222.60,224.30,222.59,1.71,0.77
Tata Tech,788.95,779.00,787.40,781.40,6.00,0.77
Central Bank,51.60,50.86,51.38,50.99,0.39,0.76
Escorts Kubota,"3,565.95","3,524.30","3,560.15","3,533.95",26.20,0.74
Britannia,"5,091.25","5,034.95","5,073.75","5,037.05",36.70,0.73
Godfrey Phillip,"4,535.00","4,485.05","4,530.00","4,497.35",32.65,0.73
Balaji Amines,"1,669.00","1,654.85","1,668.70","1,656.75",11.95,0.72
Bank of Mah,50.92,50.30,50.74,50.38,0.36,0.71
Guj State Petro,345.10,338.30,342.50,340.10,2.40,0.71
LIC India,835.00,828.20,834.10,828.20,5.90,0.71
Bosch,"28,381.55","27,980.05","28,356.45","28,155.70",200.75,0.71
Swan Energy,562.50,545.55,559.60,555.70,3.90,0.7
Welspun Living,150.70,148.50,150.41,149.36,1.05,0.7
CenturyPlyboard,791.45,783.20,791.40,786.00,5.40,0.69
Graphite India,478.00,470.70,475.55,472.30,3.25,0.69
JSW Infra,279.60,273.55,278.55,276.65,1.90,0.69
Bharti Airtel,"1,619.90","1,595.20","1,611.35","1,600.45",10.90,0.68
Equitas Bank,67.88,67.07,67.73,67.27,0.46,0.68
NMDC Steel,41.90,40.92,41.65,41.37,0.28,0.68
Polycab,"5,889.90","5,800.00","5,870.10","5,830.25",39.85,0.68
UCO Bank,43.10,42.63,43.03,42.74,0.29,0.68
FSN E-Co Nykaa,172.00,168.82,171.75,170.60,1.15,0.67
HFCL,96.90,95.77,96.78,96.14,0.64,0.67
NMDC,66.21,65.38,66.20,65.76,0.44,0.67
Cummins,"2,875.45","2,831.00","2,867.60","2,848.90",18.70,0.66
Apollo Hospital,"6,840.00","6,770.35","6,828.40","6,784.30",44.10,0.65
Endurance Techn,"1,968.40","1,955.55","1,966.60","1,953.85",12.75,0.65
Firstsource Sol,350.90,341.40,348.75,346.50,2.25,0.65
Sonata,537.65,527.00,536.30,532.85,3.45,0.65
Alkyl Amines,"1,697.35","1,680.95","1,694.85","1,684.00",10.85,0.64
Can Fin Homes,674.80,667.15,671.75,667.45,4.30,0.64
IOB,50.62,49.73,50.40,50.10,0.30,0.6
Triveni Engg,404.50,397.55,401.25,398.85,2.40,0.6
Blue Dart,"6,520.00","6,380.30","6,450.05","6,412.35",37.70,0.59
Havells India,"1,544.70","1,525.50","1,537.20","1,528.20",9.00,0.59
L&T Finance,147.36,145.48,147.02,146.16,0.86,0.59
Five-Star Busin,747.65,731.75,746.00,741.70,4.30,0.58
Vodafone Idea,9.01,8.86,8.99,8.94,0.05,0.56
Union Bank,113.50,112.09,113.17,112.54,0.63,0.56
Birlasoft,537.75,528.15,534.80,531.85,2.95,0.55
Mastek,"2,521.15","2,484.15","2,510.00","2,496.20",13.80,0.55
Shriram Finance,558.00,548.10,556.55,553.50,3.05,0.55
Shriram Finance,558.00,548.10,556.55,553.50,3.05,0.55
Tata Steel,131.65,130.10,131.51,130.80,0.71,0.54
Tata Steel,131.65,130.10,131.51,130.80,0.71,0.54
CG Power ,629.75,617.45,629.00,625.75,3.25,0.52
KEI Industries,"4,049.00","4,000.00","4,037.95","4,017.05",20.90,0.52
Torrent Power,"1,485.00","1,465.00","1,482.65","1,475.05",7.60,0.52
Godawari Power,179.90,176.54,178.23,177.35,0.88,0.5
Godawari Power,179.90,176.54,178.23,177.35,0.88,0.5
RBL Bank,159.00,157.11,158.65,157.88,0.77,0.49
Rajesh Exports,191.28,187.00,190.07,189.14,0.93,0.49
Chola Fin Hold,"1,513.30","1,479.50","1,511.00","1,503.75",7.25,0.48
Yes Bank,18.96,18.71,18.90,18.81,0.09,0.48
Cello World,654.95,638.00,644.45,641.50,2.95,0.46
Kansai Nerolac,240.95,237.25,238.55,237.45,1.10,0.46
Sundram,"1,036.40",996.95,"1,001.20",996.95,4.25,0.43
Cyient,"1,372.90","1,342.70","1,371.05","1,365.35",5.70,0.42
Kotak Mahindra,"1,938.10","1,912.40","1,928.45","1,920.35",8.10,0.42
PNB,98.54,97.50,98.18,97.77,0.41,0.42
Ratnamani Metal,"2,912.65","2,862.60","2,906.95","2,894.90",12.05,0.42
SKF India,"4,050.00","4,004.05","4,036.50","4,019.45",17.05,0.42
TBO Tek,"1,617.70","1,598.60","1,609.80","1,603.10",6.70,0.42
Manappuram Fin,202.30,199.13,200.23,199.41,0.82,0.41
Marico,677.60,672.40,674.60,671.85,2.75,0.41
MRF,"112,794.90","112,045.40","112,790.55","112,334.95",455.60,0.41
KEC Intl,817.60,800.15,814.75,811.60,3.15,0.39
Krishna Inst.,611.95,605.05,610.55,608.15,2.40,0.39
Krishna Inst.,611.95,605.05,610.55,608.15,2.40,0.39
M&M,"2,944.50","2,919.00","2,935.75","2,924.35",11.40,0.39
ITI,333.00,320.00,327.00,325.75,1.25,0.38
APL Apollo,"1,535.50","1,520.05","1,527.65","1,521.95",5.70,0.37
Dabur India,523.45,519.00,520.00,518.10,1.90,0.37
Sundaram Fin,"4,436.55","4,373.50","4,418.05","4,401.75",16.30,0.37
Jyothy Labs,396.50,389.05,392.35,390.95,1.40,0.36
Trent,"5,634.00","5,557.80","5,617.00","5,597.15",19.85,0.35
Bank of India,111.45,110.25,111.20,110.82,0.38,0.34
AB Capital,177.68,175.69,177.12,176.54,0.58,0.33
Carborundum,"1,175.00","1,142.55","1,167.10","1,163.25",3.85,0.33
HCL Tech,"1,728.90","1,710.40","1,724.65","1,719.00",5.65,0.33
Lemon Tree,141.05,138.50,139.47,139.01,0.46,0.33
PNB Housing Fin,882.55,863.40,874.00,871.15,2.85,0.33
Concord Biotech,"2,069.95","2,041.65","2,058.00","2,051.55",6.45,0.31
Nestle,"2,199.00","2,180.70","2,187.55","2,180.70",6.85,0.31
Nestle,"2,199.00","2,180.70","2,187.55","2,180.70",6.85,0.31
AAVAS Financier,"1,695.70","1,688.00","1,694.75","1,689.70",5.05,0.3
Star Health,441.05,435.25,439.90,438.60,1.30,0.3
LTIMindtree,"5,920.00","5,864.25","5,899.20","5,882.75",16.45,0.28
R R Kabel,"1,250.65","1,225.65","1,248.80","1,245.40",3.40,0.27
HEG,405.00,401.35,404.85,403.80,1.05,0.26
HEG,405.00,401.35,404.85,403.80,1.05,0.26
SBFC Finance,85.96,84.88,85.88,85.66,0.22,0.26
Grasim,"2,477.60","2,446.50","2,459.80","2,453.65",6.15,0.25
HDFC Life,632.40,624.00,629.95,628.35,1.60,0.25
BSE Limited,"5,426.90","5,280.30","5,375.70","5,362.75",12.95,0.24
Bandhan Bank,151.49,149.76,150.70,150.34,0.36,0.24
Timken,"2,880.25","2,852.95","2,866.80","2,860.25",6.55,0.23
Varun Beverages,544.90,540.10,542.80,541.55,1.25,0.23
Varun Beverages,544.90,540.10,542.80,541.55,1.25,0.23
Varun Beverages,544.90,540.10,542.80,541.55,1.25,0.23
BHEL,201.55,198.67,200.30,199.86,0.44,0.22
HUL,"2,401.85","2,384.00","2,389.10","2,383.95",5.15,0.22
Aditya Birla F,269.00,266.35,268.00,267.40,0.60,0.22
GMR Airports,72.49,70.76,71.41,71.26,0.15,0.21
Indian Hotels,781.75,772.40,779.15,777.55,1.60,0.21
Shree Renuka,38.20,37.09,37.91,37.83,0.08,0.21
Sanofi India,"5,444.20","5,394.50","5,441.85","5,431.15",10.70,0.2
Vardhman Text,458.95,452.45,457.80,456.90,0.90,0.2
Tata Elxsi,"6,215.95","6,143.85","6,185.95","6,173.85",12.10,0.2
Colgate,"2,762.10","2,720.00","2,737.00","2,731.90",5.10,0.19
C. E. Info Syst,"1,657.00","1,620.50","1,650.00","1,647.05",2.95,0.18
GlaxoSmithKline,"2,009.95","1,984.45","1,987.60","1,983.95",3.65,0.18
Maruti Suzuki,"12,110.85","11,953.05","11,999.20","11,977.90",21.30,0.18
Zomato,223.45,219.30,222.90,222.50,0.40,0.18
HDFC AMC,"3,810.85","3,755.55","3,791.80","3,785.70",6.10,0.16
Reliance,"1,239.00","1,232.40","1,237.35","1,235.50",1.85,0.15
Canara Bank,92.40,91.56,92.05,91.93,0.12,0.13
Canara Bank,92.40,91.56,92.05,91.93,0.12,0.13
UltraTechCement,"11,566.05","11,465.60","11,559.40","11,544.85",14.55,0.13
ICICI Lombard ,"1,855.55","1,826.65","1,843.65","1,841.50",2.15,0.12
LIC Housing Fin,579.95,570.05,575.30,574.60,0.70,0.12
Emami,576.15,570.55,573.35,572.70,0.65,0.11
Tech Mahindra,"1,690.90","1,671.00","1,683.00","1,681.15",1.85,0.11
L&T Technology,"5,369.65","5,299.55","5,346.40","5,341.00",5.40,0.1
SBI Life Insura,"1,471.40","1,453.90","1,462.15","1,460.90",1.25,0.09
Affle India,"1,524.10","1,491.00","1,503.20","1,502.00",1.20,0.08
Asian Paints,"2,235.00","2,215.00","2,225.00","2,223.15",1.85,0.08
Adani Wilmar,264.30,262.50,264.00,263.80,0.20,0.08
Dalmia Bharat,"1,871.05","1,848.15","1,857.75","1,856.45",1.30,0.07
Sun Pharma,"1,744.05","1,730.00","1,736.35","1,735.35",1.00,0.06
Adani Power,524.50,517.65,523.00,522.75,0.25,0.05
Guj Amb Exports,119.72,117.70,119.25,119.19,0.06,0.05
Metropolis,"1,799.25","1,778.55","1,791.90","1,791.45",0.45,0.03
Pidilite Ind,"2,899.50","2,842.00","2,892.00","2,891.05",0.95,0.03
Oracle Fin Serv,"9,564.10","9,401.05","9,539.45","9,536.50",2.95,0.03
City Union Bank,175.00,171.85,173.00,172.97,0.03,0.02
Patanjali Foods,"1,863.00","1,841.10","1,852.10","1,851.80",0.30,0.02
PVR INOX,"1,090.95","1,077.05","1,084.00","1,083.90",0.10,0.01
Syngene Intl,761.45,752.60,759.45,759.35,0.10,0.01
Thermax,"3,767.65","3,705.10","3,761.25","3,760.95",0.30,0.01
